{
    "classification_report": {
        "0": {
            "precision": 0.8113207547169812,
            "recall": 0.7889908256880734,
            "f1-score": 0.8,
            "support": 109.0
        },
        "1": {
            "precision": 0.8130081300813008,
            "recall": 0.8333333333333334,
            "f1-score": 0.823045267489712,
            "support": 120.0
        },
        "accuracy": 0.8122270742358079,
        "macro avg": {
            "precision": 0.812164442399141,
            "recall": 0.8111620795107034,
            "f1-score": 0.811522633744856,
            "support": 229.0
        },
        "weighted avg": {
            "precision": 0.8122049688816901,
            "recall": 0.8122270742358079,
            "f1-score": 0.8120761227020324,
            "support": 229.0
        }
    },
    "confusion_matrix": {
        "labels": [
            0,
            1
        ],
        "matrix": [
            [
                86,
                23
            ],
            [
                20,
                100
            ]
        ]
    }
}